{
  "Phi (Golden Ratio)": 36.95398430133676,
  "Gaussian": 56.35690578530543,
  "DRAG": 56.3516417357868,
  "Square": 160.0,
  "Sinc": 19.413512984272764,
  "Raised Cosine": 59.63664000979608,
  "Gaussian Square": 80.15556010455384
}